{"mobilenetv2": {"accuracy": [0.6835400462150574, 0.8023801445960999, 0.8230807781219482, 0.8390881419181824, 0.8376634120941162, 0.8511565327644348, 0.8526651263237, 0.8549278974533081, 0.8600402474403381, 0.8609620928764343, 0.8638954162597656, 0.8672477602958679, 0.8689239025115967, 0.8696781992912292, 0.8731981515884399, 0.8742876052856445, 0.8744552731513977, 0.8752095103263855, 0.8762152194976807, 0.8793161511421204], "loss": [0.8558462262153625, 0.5297738909721375, 0.47822850942611694, 0.44022396206855774, 0.4370481073856354, 0.40576687455177307, 0.3953075110912323, 0.3938031792640686, 0.3771568238735199, 0.372679203748703, 0.36630111932754517, 0.36604130268096924, 0.34889018535614014, 0.3535953462123871, 0.347982794046402, 0.33744919300079346, 0.34037965536117554, 0.33617350459098816, 0.32656970620155334, 0.3223905861377716], "val_accuracy": [0.8453853726387024, 0.8539485931396484, 0.8739296197891235, 0.8715509176254272, 0.8582302331924438, 0.8772597312927246, 0.8777354955673218, 0.8753567934036255, 0.8796384334564209, 0.8710751533508301, 0.8872502446174622, 0.8810656666755676, 0.8801141977310181, 0.8705994486808777, 0.8891531825065613, 0.8682207465171814, 0.88154137134552, 0.885347306728363, 0.8777354955673218, 0.8858230113983154], "val_loss": [0.44466620683670044, 0.3996793031692505, 0.3600105345249176, 0.3544432520866394, 0.37928691506385803, 0.3632301092147827, 0.35303568840026855, 0.34174996614456177, 0.3472861051559448, 0.347301185131073, 0.31735914945602417, 0.3317473530769348, 0.3336632549762726, 0.331627756357193, 0.309596449136734, 0.3341623842716217, 0.31533652544021606, 0.32699868083000183, 0.32765135169029236, 0.3198104202747345], "learning_rate": [9.999999747378752e-05, 9.999999747378752e-05, 9.999999747378752e-05, 9.999999747378752e-05, 9.999999747378752e-05, 9.999999747378752e-05, 9.999999747378752e-05, 9.999999747378752e-05, 9.999999747378752e-05, 9.999999747378752e-05, 9.999999747378752e-05, 9.999999747378752e-05, 9.999999747378752e-05, 9.999999747378752e-05, 4.999999873689376e-05, 4.999999873689376e-05, 4.999999873689376e-05, 4.999999873689376e-05, 2.499999936844688e-05, 2.499999936844688e-05], "test_accuracy": 0.9003333449363708}, "vgg16": {"accuracy": [0.4553301930427551, 0.6708850264549255, 0.715806245803833, 0.7379316091537476, 0.7511733174324036, 0.7629902958869934, 0.7683539986610413, 0.7767348289489746, 0.7841099500656128, 0.7914012670516968, 0.7903955578804016, 0.79567551612854, 0.7968488335609436, 0.8032182455062866, 0.8022125363349915, 0.8066543936729431, 0.8066543936729431, 0.8078277111053467, 0.8118504881858826, 0.81159907579422], "loss": [1.3914984464645386, 0.9196012020111084, 0.7819820046424866, 0.7143997550010681, 0.6720266342163086, 0.6429685354232788, 0.6246703863143921, 0.5974581837654114, 0.5808758735656738, 0.5629486441612244, 0.5604870915412903, 0.552268922328949, 0.5504396557807922, 0.5389925241470337, 0.5274873971939087, 0.5216464996337891, 0.5213450789451599, 0.5177600979804993, 0.5106144547462463, 0.5090523362159729], "val_accuracy": [0.7202664017677307, 0.7621312737464905, 0.7740247249603271, 0.7787821292877197, 0.7849667072296143, 0.7854424118995667, 0.8011417984962463, 0.8044719099998474, 0.8163653612136841, 0.814462423324585, 0.8139866590499878, 0.8082778453826904, 0.8177925944328308, 0.8187440633773804, 0.8135109543800354, 0.8287345170974731, 0.8206470012664795, 0.8068506121635437, 0.8220742344856262, 0.8220742344856262], "val_loss": [0.97906893491745, 0.7616449594497681, 0.6721569895744324, 0.6400416493415833, 0.597927987575531, 0.5776980519294739, 0.5533701181411743, 0.5464224219322205, 0.5204114317893982, 0.5114614367485046, 0.5187236666679382, 0.4981248676776886, 0.5006928443908691, 0.5046886205673218, 0.49604880809783936, 0.48747774958610535, 0.49105194211006165, 0.5044886469841003, 0.4741513133049011, 0.4793783724308014], "learning_rate": [9.999999747378752e-05, 9.999999747378752e-05, 9.999999747378752e-05, 9.999999747378752e-05, 9.999999747378752e-05, 9.999999747378752e-05, 9.999999747378752e-05, 9.999999747378752e-05, 9.999999747378752e-05, 9.999999747378752e-05, 9.999999747378752e-05, 9.999999747378752e-05, 9.999999747378752e-05, 9.999999747378752e-05, 9.999999747378752e-05, 9.999999747378752e-05, 9.999999747378752e-05, 9.999999747378752e-05, 9.999999747378752e-05, 9.999999747378752e-05], "test_accuracy": 0.840666651725769}, "resnet50": {"accuracy": [0.21161581575870514, 0.3004525601863861, 0.32626551389694214, 0.3478042185306549, 0.37018102407455444, 0.38694268465042114, 0.39624539017677307, 0.4192088544368744, 0.4186221957206726, 0.4258297085762024, 0.4262487292289734, 0.43697619438171387, 0.45147502422332764, 0.4497988522052765, 0.45072075724601746, 0.4666443169116974, 0.465554803609848, 0.46723097562789917, 0.4663929045200348, 0.4796345829963684], "loss": [1.7911697626113892, 1.6837078332901, 1.6264780759811401, 1.5782930850982666, 1.5372257232666016, 1.4980219602584839, 1.4718459844589233, 1.4371511936187744, 1.4149478673934937, 1.3944553136825562, 1.3773720264434814, 1.358495831489563, 1.3425053358078003, 1.3385779857635498, 1.32697594165802, 1.3094568252563477, 1.2985122203826904, 1.29226553440094, 1.291868805885315, 1.2752856016159058], "val_accuracy": [0.2816365361213684, 0.29400572180747986, 0.3658420443534851, 0.39486202597618103, 0.395813524723053, 0.418648898601532, 0.43339675664901733, 0.4414843022823334, 0.4324452877044678, 0.4338724911212921, 0.42578497529029846, 0.44243577122688293, 0.43006661534309387, 0.4586108326911926, 0.4652711749076843, 0.45813509821891785, 0.47811606526374817, 0.47621312737464905, 0.48572787642478943, 0.48525214195251465], "val_loss": [1.7102137804031372, 1.6550344228744507, 1.603255271911621, 1.5496176481246948, 1.5216628313064575, 1.4860212802886963, 1.4479453563690186, 1.4265800714492798, 1.4125416278839111, 1.3891321420669556, 1.3708882331848145, 1.3621234893798828, 1.3517123460769653, 1.3329472541809082, 1.3159441947937012, 1.3101122379302979, 1.3004118204116821, 1.2957814931869507, 1.2808992862701416, 1.2811304330825806], "learning_rate": [9.999999747378752e-05, 9.999999747378752e-05, 9.999999747378752e-05, 9.999999747378752e-05, 9.999999747378752e-05, 9.999999747378752e-05, 9.999999747378752e-05, 9.999999747378752e-05, 9.999999747378752e-05, 9.999999747378752e-05, 9.999999747378752e-05, 9.999999747378752e-05, 9.999999747378752e-05, 9.999999747378752e-05, 9.999999747378752e-05, 9.999999747378752e-05, 9.999999747378752e-05, 9.999999747378752e-05, 9.999999747378752e-05, 9.999999747378752e-05], "test_accuracy": 0.5756666660308838}}